file_name,annotation
stage10000.jpg,0
stage10001.jpg,0
stage10002.jpg,0
stage10003.jpg,0
stage10004.jpg,0
stage10005.jpg,0
stage10006.jpg,0
stage10007.jpg,0
stage10008.jpg,0
stage10009.jpg,0
stage10010.jpg,0
stage10011.jpg,0
stage10012.jpg,0
stage10013.jpg,0
stage10014.jpg,0
stage10015.jpg,0
stage10016.jpg,0
stage10017.jpg,0
stage10018.jpg,0
stage10019.jpg,0
stage10020.jpg,0
stage10021.jpg,0
stage10022.jpg,0
stage10023.jpg,0
stage10024.jpg,0
stage10025.jpg,0
stage10026.jpg,0
stage10027.jpg,0
stage10028.jpg,0
stage10029.jpg,0
stage10030.jpg,0
stage10031.jpg,0
stage10032.jpg,0
stage10033.jpg,0
stage10034.jpg,0
stage10035.jpg,0
stage10036.jpg,0
stage10037.jpg,0
stage10038.jpg,0
stage10039.jpg,0
stage10040.jpg,0
stage10041.jpg,0
stage10042.jpg,0
stage10043.jpg,0
stage10044.jpg,0
stage10045.jpg,0
stage10046.jpg,0
stage10047.jpg,0
stage10048.jpg,0
stage10049.jpg,0
stage10050.jpg,0
stage10051.jpg,0
stage10052.jpg,0
stage10053.jpg,0
stage10054.jpg,0
stage10055.jpg,0
stage10056.jpg,0
stage10057.jpg,0
stage10058.jpg,0
stage10059.jpg,0
stage10060.jpg,0
stage10061.jpg,0
stage10062.jpg,0
stage10063.jpg,0
stage10064.jpg,0
stage10065.jpg,0
stage10066.jpg,0
stage10067.jpg,0
stage10068.jpg,0
stage10069.jpg,0
stage10070.jpg,0
stage10071.jpg,0
stage10072.jpg,0
stage10073.jpg,0
stage10074.jpg,0
stage10075.jpg,0
stage10076.jpg,0
stage10077.jpg,0
stage10078.jpg,0
stage10079.jpg,0
stage10080.jpg,0
stage10081.jpg,0
stage10082.jpg,0
stage10083.jpg,0
stage10084.jpg,0
stage10085.jpg,0
stage10086.jpg,0
stage10087.jpg,0
stage10088.jpg,0
stage10089.jpg,0
stage10090.jpg,0
stage10091.jpg,0
stage10092.jpg,0
stage10093.jpg,0
stage10094.jpg,0
stage10095.jpg,0
stage10096.jpg,0
stage10097.jpg,0
stage10098.jpg,0
stage10099.jpg,0
stage10100.jpg,0
stage10101.jpg,0
stage10102.jpg,0
stage10103.jpg,0
stage10104.jpg,0
stage10105.jpg,0
stage10106.jpg,0
stage10107.jpg,0
stage10108.jpg,0
stage10109.jpg,0
stage10110.jpg,0
stage10111.jpg,0
stage10112.jpg,0
stage10113.jpg,0
stage10114.jpg,0
stage10115.jpg,0
stage10116.jpg,0
stage10117.jpg,0
stage10118.jpg,0
stage10119.jpg,0
stage10120.jpg,0
stage10121.jpg,0
stage10122.jpg,0
stage10123.jpg,0
stage10124.jpg,0
stage10125.jpg,0
stage10126.jpg,0
stage10127.jpg,0
stage10128.jpg,0
stage10129.jpg,0
stage10130.jpg,0
stage10131.jpg,0
stage10132.jpg,0
stage10133.jpg,0
stage10134.jpg,0
stage10135.jpg,0
stage10136.jpg,0
stage10137.jpg,0
stage10138.jpg,0
stage10139.jpg,0
stage10140.jpg,0
stage10141.jpg,0
stage10142.jpg,0
stage10143.jpg,0
stage10144.jpg,0
stage10145.jpg,0
stage10146.jpg,0
stage10147.jpg,0
stage10148.jpg,0
stage10149.jpg,0
stage10150.jpg,0
stage10151.jpg,0
stage10152.jpg,0
stage10153.jpg,0
stage10154.jpg,0
stage10155.jpg,0
stage10156.jpg,0
stage10157.jpg,0
stage20000.jpg,0
stage20001.jpg,0
stage20002.jpg,0
stage20003.jpg,0
stage20004.jpg,0
stage20005.jpg,0
stage20006.jpg,0
stage20007.jpg,0
stage20008.jpg,0
stage20009.jpg,0
stage20010.jpg,0
stage20011.jpg,0
stage20012.jpg,0
stage20013.jpg,0
stage20014.jpg,0
stage20015.jpg,0
stage20016.jpg,0
stage20017.jpg,0
stage20018.jpg,0
stage20019.jpg,0
stage20020.jpg,0
stage20021.jpg,0
stage20022.jpg,0
stage20023.jpg,0
stage20024.jpg,0
stage20025.jpg,0
stage20026.jpg,0
stage20027.jpg,0
stage20028.jpg,0
stage20029.jpg,0
stage20030.jpg,0
stage20031.jpg,0
stage20032.jpg,0
stage20033.jpg,0
stage20034.jpg,0
stage20035.jpg,0
stage20036.jpg,0
stage20037.jpg,0
stage20038.jpg,0
stage20039.jpg,0
stage20040.jpg,0
stage20041.jpg,0
stage20042.jpg,0
stage20043.jpg,0
stage20044.jpg,0
stage20045.jpg,0
stage20046.jpg,0
stage20047.jpg,0
stage20048.jpg,0
stage20049.jpg,0
stage20050.jpg,0
stage20051.jpg,0
stage20052.jpg,0
stage20053.jpg,0
stage20054.jpg,0
stage20055.jpg,0
stage20056.jpg,0
stage20057.jpg,0
stage20058.jpg,0
stage20059.jpg,0
stage20060.jpg,0
stage20061.jpg,0
stage20062.jpg,0
stage20063.jpg,0
stage20064.jpg,0
stage20065.jpg,0
stage20066.jpg,0
stage20067.jpg,0
stage20068.jpg,0
stage20069.jpg,0
stage20070.jpg,0
stage20071.jpg,0
stage20072.jpg,0
stage20073.jpg,0
stage20074.jpg,0
stage20075.jpg,0
stage20076.jpg,0
stage20077.jpg,0
stage20078.jpg,0
stage20079.jpg,0
stage20080.jpg,0
stage20081.jpg,0
stage20082.jpg,0
stage20083.jpg,0
stage20084.jpg,0
stage20085.jpg,0
stage20086.jpg,0
stage20087.jpg,0
stage20088.jpg,0
stage20089.jpg,0
stage20090.jpg,0
stage20091.jpg,0
stage20092.jpg,0
stage20093.jpg,0
stage20094.jpg,0
stage20095.jpg,0
stage20096.jpg,0
stage20097.jpg,0
stage20098.jpg,0
stage20099.jpg,0
stage20100.jpg,0
stage20101.jpg,0
stage20102.jpg,0
stage20103.jpg,0
stage20104.jpg,0
stage20105.jpg,0
stage20106.jpg,0
stage20107.jpg,0
stage20108.jpg,0
stage20109.jpg,0
stage20110.jpg,0
stage20111.jpg,0
stage20112.jpg,0
stage20113.jpg,0
stage20114.jpg,0
stage20115.jpg,0
stage20116.jpg,0
stage20117.jpg,0
stage20118.jpg,0
stage20119.jpg,0
stage20120.jpg,0
stage20121.jpg,0
stage20122.jpg,0
stage20123.jpg,0
stage20124.jpg,0
stage20125.jpg,0
stage20126.jpg,0
stage20127.jpg,0
stage20128.jpg,0
stage20129.jpg,0
stage20130.jpg,0
stage20131.jpg,0
stage20132.jpg,0
stage20133.jpg,0
stage20134.jpg,0
stage20135.jpg,0
stage20136.jpg,0
stage20137.jpg,0
stage20138.jpg,0
stage20139.jpg,0
stage20140.jpg,0
stage20141.jpg,0
stage20142.jpg,0
stage20143.jpg,0
stage20144.jpg,0
stage20145.jpg,0
stage20146.jpg,0
stage20147.jpg,0
stage20148.jpg,0
stage20149.jpg,0
stage20150.jpg,0
stage20151.jpg,0
stage20152.jpg,0
stage20153.jpg,0
stage20154.jpg,0
stage20155.jpg,0
stage30000.jpg,0
stage30001.jpg,0
stage30002.jpg,0
stage30003.jpg,0
stage30004.jpg,0
stage30005.jpg,0
stage30006.jpg,0
stage30007.jpg,0
stage30008.jpg,0
stage30009.jpg,0
stage30010.jpg,0
stage30011.jpg,0
stage30012.jpg,0
stage30013.jpg,0
stage30014.jpg,0
stage30015.jpg,0
stage30016.jpg,0
stage30017.jpg,0
stage30018.jpg,0
stage30019.jpg,0
stage30020.jpg,0
stage30021.jpg,0
stage30022.jpg,0
stage30023.jpg,0
stage30024.jpg,0
stage30025.jpg,0
stage30026.jpg,0
stage30027.jpg,0
stage30028.jpg,0
stage30029.jpg,0
stage30030.jpg,0
stage30031.jpg,0
stage30032.jpg,0
stage30033.jpg,0
stage30034.jpg,0
stage30035.jpg,0
stage30036.jpg,0
stage30037.jpg,0
stage30038.jpg,0
stage30039.jpg,0
stage30040.jpg,0
stage30041.jpg,0
stage30042.jpg,0
stage30043.jpg,0
stage30044.jpg,0
stage30045.jpg,0
stage30046.jpg,0
stage30047.jpg,0
stage30048.jpg,0
stage30049.jpg,0
stage30050.jpg,0
stage30051.jpg,0
stage30052.jpg,0
stage30053.jpg,0
stage30054.jpg,0
stage30055.jpg,0
stage30056.jpg,0
stage30057.jpg,0
stage30058.jpg,0
stage30059.jpg,0
stage30060.jpg,0
stage30061.jpg,0
stage30062.jpg,0
stage30063.jpg,0
stage30064.jpg,0
stage30065.jpg,0
stage30066.jpg,0
stage30067.jpg,0
stage30068.jpg,0
stage30069.jpg,0
stage30070.jpg,0
stage30071.jpg,0
stage30072.jpg,0
stage30073.jpg,0
stage30074.jpg,0
stage30075.jpg,0
stage30076.jpg,0
stage30077.jpg,0
stage30078.jpg,0
stage30079.jpg,0
stage30080.jpg,0
stage30081.jpg,0
stage30082.jpg,0
stage30083.jpg,0
stage30084.jpg,0
stage30085.jpg,0
stage30086.jpg,0
stage30087.jpg,0
stage30088.jpg,0
stage30089.jpg,0
stage30090.jpg,0
stage30091.jpg,0
stage30092.jpg,0
stage30093.jpg,0
stage30094.jpg,0
stage30095.jpg,0
stage30096.jpg,0
stage30097.jpg,0
stage30098.jpg,0
stage30099.jpg,0
stage30100.jpg,0
stage30101.jpg,0
stage30102.jpg,0
stage30103.jpg,0
stage30104.jpg,0
stage30105.jpg,0
stage30106.jpg,0
stage30107.jpg,0
stage30108.jpg,0
stage30109.jpg,0
stage30110.jpg,0
stage30111.jpg,0
stage30112.jpg,0
stage30113.jpg,0
stage30114.jpg,0
stage30115.jpg,0
stage30116.jpg,0
stage30117.jpg,0
stage30118.jpg,0
stage30119.jpg,0
stage30120.jpg,0
stage30121.jpg,0
stage30122.jpg,0
stage30123.jpg,0
stage30124.jpg,0
stage30125.jpg,0
stage30126.jpg,0
stage30127.jpg,0
stage30128.jpg,0
stage30129.jpg,0
stage30130.jpg,0
stage30131.jpg,0
stage30132.jpg,0
stage30133.jpg,0
stage30134.jpg,0
stage30135.jpg,0
stage30136.jpg,0
stage30137.jpg,0
stage30138.jpg,0
stage30139.jpg,0
stage30140.jpg,0
stage30141.jpg,0
stage30142.jpg,0
stage30143.jpg,0
stage30144.jpg,0
stage30145.jpg,0
stage30146.jpg,0
stage30147.jpg,0
stage30148.jpg,0
stage30149.jpg,0
stage30150.jpg,0
stage30151.jpg,0
stage30152.jpg,0
stage30153.jpg,0
stage30154.jpg,0
stage30155.jpg,0
stage30156.jpg,0
stage30157.jpg,0
stage40000.jpg,0
stage40001.jpg,0
stage40002.jpg,0
stage40003.jpg,0
stage40004.jpg,0
stage40005.jpg,0
stage40006.jpg,0
stage40007.jpg,0
stage40008.jpg,0
stage40009.jpg,0
stage40010.jpg,0
stage40011.jpg,0
stage40012.jpg,0
stage40013.jpg,0
stage40014.jpg,0
stage40015.jpg,0
stage40016.jpg,0
stage40017.jpg,0
stage40018.jpg,0
stage40019.jpg,0
stage40020.jpg,0
stage40021.jpg,0
stage40022.jpg,0
stage40023.jpg,0
stage40024.jpg,0
stage40025.jpg,0
stage40026.jpg,0
stage40027.jpg,0
stage40028.jpg,0
stage40029.jpg,0
stage40030.jpg,0
stage40031.jpg,0
stage40032.jpg,0
stage40033.jpg,0
stage40034.jpg,0
stage40035.jpg,0
stage40036.jpg,0
stage40037.jpg,0
stage40038.jpg,0
stage40039.jpg,0
stage40040.jpg,0
stage40041.jpg,0
stage40042.jpg,0
stage40043.jpg,0
stage40044.jpg,0
stage40045.jpg,0
stage40046.jpg,0
stage40047.jpg,0
stage40048.jpg,0
stage40049.jpg,0
stage40050.jpg,0
stage40051.jpg,0
stage40052.jpg,0
stage40053.jpg,0
stage40054.jpg,0
stage40055.jpg,0
stage40056.jpg,0
stage40057.jpg,0
stage40058.jpg,0
stage40059.jpg,0
stage40060.jpg,0
stage40061.jpg,0
stage40062.jpg,0
stage40063.jpg,0
stage40064.jpg,0
stage40065.jpg,0
stage40066.jpg,0
stage40067.jpg,0
stage40068.jpg,0
stage40069.jpg,0
stage40070.jpg,0
stage40071.jpg,0
stage40072.jpg,0
stage40073.jpg,0
stage40074.jpg,0
stage40075.jpg,0
stage40076.jpg,0
stage40077.jpg,0
stage40078.jpg,0
stage40079.jpg,0
stage40080.jpg,0
stage40081.jpg,0
stage40082.jpg,0
stage40083.jpg,0
stage40084.jpg,0
stage40085.jpg,0
stage40086.jpg,0
stage40087.jpg,0
stage40088.jpg,0
stage40089.jpg,0
stage40090.jpg,0
stage40091.jpg,0
stage40092.jpg,0
stage40093.jpg,0
stage40094.jpg,0
stage40095.jpg,0
stage40096.jpg,0
stage40097.jpg,0
stage40098.jpg,0
stage40099.jpg,0
stage40100.jpg,0
stage40101.jpg,0
stage40102.jpg,0
stage40103.jpg,0
stage40104.jpg,0
stage40105.jpg,0
stage40106.jpg,0
stage40107.jpg,0
stage40108.jpg,0
stage40109.jpg,0
stage40110.jpg,0
stage40111.jpg,0
stage40112.jpg,0
stage40113.jpg,0
stage40114.jpg,0
stage40115.jpg,0
stage40116.jpg,0
stage40117.jpg,0
stage40118.jpg,0
stage40119.jpg,0
stage40120.jpg,0
stage40121.jpg,0
stage40122.jpg,0
stage40123.jpg,0
stage40124.jpg,0
stage40125.jpg,0
stage40126.jpg,0
stage40127.jpg,0
stage40128.jpg,0
stage40129.jpg,0
stage40130.jpg,0
stage40131.jpg,0
stage40132.jpg,0
stage40133.jpg,0
stage40134.jpg,0
stage40135.jpg,0
stage40136.jpg,0
stage40137.jpg,0
stage40138.jpg,0
stage40139.jpg,0
stage40140.jpg,0
stage40141.jpg,0
stage40142.jpg,0
stage40143.jpg,0
stage40144.jpg,0
stage40145.jpg,0
stage40146.jpg,0
stage40147.jpg,0
stage40148.jpg,0
stage40149.jpg,0
stage40150.jpg,0
stage50000.jpg,0
stage50001.jpg,0
stage50002.jpg,0
stage50003.jpg,0
stage50004.jpg,0
stage50005.jpg,0
stage50006.jpg,0
stage50007.jpg,0
stage50008.jpg,0
stage50009.jpg,0
stage50010.jpg,0
stage50011.jpg,0
stage50012.jpg,0
stage50013.jpg,0
stage50014.jpg,0
stage50015.jpg,0
stage50016.jpg,0
stage50017.jpg,0
stage50018.jpg,0
stage50019.jpg,0
stage50020.jpg,0
stage50021.jpg,0
stage50022.jpg,0
stage50023.jpg,0
stage50024.jpg,0
stage50025.jpg,0
stage50026.jpg,0
stage50027.jpg,0
stage50028.jpg,0
stage50029.jpg,0
stage50030.jpg,0
stage50031.jpg,0
stage50032.jpg,0
stage50033.jpg,0
stage50034.jpg,0
stage50035.jpg,0
stage50036.jpg,0
stage50037.jpg,0
stage50038.jpg,0
stage50039.jpg,0
stage50040.jpg,0
stage50041.jpg,0
stage50042.jpg,0
stage50043.jpg,0
stage50044.jpg,0
stage50045.jpg,0
stage50046.jpg,0
stage50047.jpg,0
stage50048.jpg,0
stage50049.jpg,0
stage50050.jpg,0
stage50051.jpg,0
stage50052.jpg,0
stage50053.jpg,0
stage50054.jpg,0
stage50055.jpg,0
stage50056.jpg,0
stage50057.jpg,0
stage50058.jpg,0
stage50059.jpg,0
stage50060.jpg,0
stage50061.jpg,0
stage50062.jpg,0
stage50063.jpg,0
stage50064.jpg,0
stage50065.jpg,0
stage50066.jpg,0
stage50067.jpg,0
stage50068.jpg,0
stage50069.jpg,0
stage50070.jpg,0
stage50071.jpg,0
stage50072.jpg,0
stage50073.jpg,0
stage50074.jpg,0
stage50075.jpg,0
stage50076.jpg,0
stage50077.jpg,0
stage50078.jpg,0
stage50079.jpg,0
stage50080.jpg,0
stage50081.jpg,0
stage50082.jpg,0
stage50083.jpg,0
stage50084.jpg,0
stage50085.jpg,0
stage50086.jpg,0
stage50087.jpg,0
stage50088.jpg,0
stage50089.jpg,0
stage50090.jpg,0
stage50091.jpg,0
stage50092.jpg,0
stage50093.jpg,0
stage50094.jpg,0
stage50095.jpg,0
stage50096.jpg,0
stage50097.jpg,0
stage50098.jpg,0
stage50099.jpg,0
stage50100.jpg,0
stage50101.jpg,0
stage50102.jpg,0
stage50103.jpg,0
stage50104.jpg,0
stage50105.jpg,0
stage50106.jpg,0
stage50107.jpg,0
stage50108.jpg,0
stage50109.jpg,0
stage50110.jpg,0
stage50111.jpg,0
stage50112.jpg,0
stage50113.jpg,0
stage50114.jpg,0
stage50115.jpg,0
stage50116.jpg,0
stage50117.jpg,0
stage50118.jpg,0
stage50119.jpg,0
stage50120.jpg,0
stage50121.jpg,0
stage50122.jpg,0
stage50123.jpg,0
stage50124.jpg,0
stage50125.jpg,0
stage50126.jpg,0
stage50127.jpg,0
stage50128.jpg,0
stage50129.jpg,0
stage50130.jpg,0
stage50131.jpg,0
stage50132.jpg,0
stage50133.jpg,0
stage50134.jpg,0
stage50135.jpg,0
stage50136.jpg,0
stage50137.jpg,0
stage50138.jpg,0
stage50139.jpg,0
stage50140.jpg,0
stage50141.jpg,0
stage50142.jpg,0
stage50143.jpg,0
stage50144.jpg,0
stage50145.jpg,0
stage50146.jpg,0
stage50147.jpg,0
stage50148.jpg,0
stage50149.jpg,0
stage50150.jpg,0
stage50151.jpg,0
stage50152.jpg,0
stage50153.jpg,0
stage50154.jpg,0
stage50155.jpg,0
stage60000.jpg,0
stage60001.jpg,0
stage60002.jpg,0
stage60003.jpg,0
stage60004.jpg,0
stage60005.jpg,0
stage60006.jpg,0
stage60007.jpg,0
stage60008.jpg,0
stage60009.jpg,0
stage60010.jpg,0
stage60011.jpg,0
stage60012.jpg,0
stage60013.jpg,0
stage60014.jpg,0
stage60015.jpg,0
stage60016.jpg,0
stage60017.jpg,0
stage60018.jpg,0
stage60019.jpg,0
stage60020.jpg,0
stage60021.jpg,0
stage60022.jpg,0
stage60023.jpg,0
stage60024.jpg,0
stage60025.jpg,0
stage60026.jpg,0
stage60027.jpg,0
stage60028.jpg,0
stage60029.jpg,0
stage60030.jpg,0
stage60031.jpg,0
stage60032.jpg,0
stage60033.jpg,0
stage60034.jpg,0
stage60035.jpg,0
stage60036.jpg,0
stage60037.jpg,0
stage60038.jpg,0
stage60039.jpg,0
stage60040.jpg,0
stage60041.jpg,0
stage60042.jpg,0
stage60043.jpg,0
stage60044.jpg,0
stage60045.jpg,0
stage60046.jpg,0
stage60047.jpg,0
stage60048.jpg,0
stage60049.jpg,0
stage60050.jpg,0
stage60051.jpg,0
stage60052.jpg,0
stage60053.jpg,0
stage60054.jpg,0
stage60055.jpg,0
stage60056.jpg,0
stage60057.jpg,0
stage60058.jpg,0
stage60059.jpg,0
stage60060.jpg,0
stage60061.jpg,0
stage60062.jpg,0
stage60063.jpg,0
stage60064.jpg,0
stage60065.jpg,0
stage60066.jpg,0
stage60067.jpg,0
stage60068.jpg,0
stage60069.jpg,0
stage60070.jpg,0
stage60071.jpg,0
stage60072.jpg,0
stage60073.jpg,0
stage60074.jpg,0
stage60075.jpg,0
stage60076.jpg,0
stage60077.jpg,0
stage60078.jpg,0
stage60079.jpg,0
stage60080.jpg,0
stage60081.jpg,0
stage60082.jpg,0
stage60083.jpg,0
stage60084.jpg,0
stage60085.jpg,0
stage60086.jpg,0
stage60087.jpg,0
stage60088.jpg,0
stage60089.jpg,0
stage60090.jpg,0
stage60091.jpg,0
stage60092.jpg,0
stage60093.jpg,0
stage60094.jpg,0
stage60095.jpg,0
stage60096.jpg,0
stage60097.jpg,0
stage60098.jpg,0
stage60099.jpg,0
stage60100.jpg,0
stage60101.jpg,0
stage60102.jpg,0
stage60103.jpg,0
stage60104.jpg,0
stage60105.jpg,0
stage60106.jpg,0
stage60107.jpg,0
stage60108.jpg,0
stage60109.jpg,0
stage60110.jpg,0
stage60111.jpg,0
stage60112.jpg,0
stage60113.jpg,0
stage60114.jpg,0
stage60115.jpg,0
stage60116.jpg,0
stage60117.jpg,0
stage60118.jpg,0
stage60119.jpg,0
stage60120.jpg,0
stage60121.jpg,0
stage60122.jpg,0
stage60123.jpg,0
stage60124.jpg,0
stage60125.jpg,0
stage60126.jpg,0
stage60127.jpg,0
stage60128.jpg,0
stage60129.jpg,0
stage60130.jpg,0
stage60131.jpg,0
stage60132.jpg,0
stage60133.jpg,0
stage60134.jpg,0
stage60135.jpg,0
stage60136.jpg,0
stage60137.jpg,0
stage60138.jpg,0
stage60139.jpg,0
stage60140.jpg,0
stage60141.jpg,0
stage60142.jpg,0
stage60143.jpg,0
stage60144.jpg,0
stage60145.jpg,0
stage60146.jpg,0
stage60147.jpg,0
stage60148.jpg,0
stage60149.jpg,0
stage60150.jpg,0
stage60151.jpg,0
stage60152.jpg,0
stage60153.jpg,0
stage60154.jpg,0
stage60155.jpg,0
stage60156.jpg,0
stage60157.jpg,0
stage70000.jpg,1
stage70001.jpg,1
stage70002.jpg,1
stage70003.jpg,1
stage70004.jpg,1
stage70005.jpg,1
stage70006.jpg,1
stage70007.jpg,1
stage70008.jpg,1
stage70009.jpg,1
stage70010.jpg,1
stage70011.jpg,1
stage70012.jpg,1
stage70013.jpg,1
stage70014.jpg,1
stage70015.jpg,1
stage70016.jpg,1
stage70017.jpg,1
stage70018.jpg,1
stage70019.jpg,1
stage70020.jpg,1
stage70021.jpg,1
stage70022.jpg,1
stage70023.jpg,1
stage70024.jpg,1
stage70025.jpg,1
stage70026.jpg,1
stage70027.jpg,1
stage70028.jpg,1
stage70029.jpg,1
stage70030.jpg,1
stage70031.jpg,1
stage70032.jpg,1
stage70033.jpg,1
stage70034.jpg,1
stage70035.jpg,1
stage70036.jpg,1
stage70037.jpg,1
stage70038.jpg,1
stage70039.jpg,1
stage70040.jpg,1
stage70041.jpg,1
stage70042.jpg,1
stage70043.jpg,1
stage70044.jpg,1
stage70045.jpg,1
stage70046.jpg,1
stage70047.jpg,1
stage70048.jpg,1
stage70049.jpg,1
stage70050.jpg,1
stage70051.jpg,1
stage70052.jpg,1
stage70053.jpg,1
stage70054.jpg,1
stage70055.jpg,1
stage70056.jpg,1
stage70057.jpg,1
stage70058.jpg,1
stage70059.jpg,1
stage70060.jpg,1
stage70061.jpg,1
stage70062.jpg,1
stage70063.jpg,1
stage70064.jpg,1
stage70065.jpg,1
stage70066.jpg,1
stage70067.jpg,1
stage70068.jpg,1
stage70069.jpg,1
stage70070.jpg,1
stage70071.jpg,1
stage70072.jpg,1
stage70073.jpg,1
stage70074.jpg,1
stage70075.jpg,1
stage70076.jpg,1
stage70077.jpg,1
stage70078.jpg,1
stage70079.jpg,1
stage70080.jpg,1
stage70081.jpg,1
stage70082.jpg,1
stage70083.jpg,1
stage70084.jpg,1
stage70085.jpg,1
stage70086.jpg,1
stage70087.jpg,1
stage70088.jpg,1
stage70089.jpg,1
stage70090.jpg,1
stage70091.jpg,1
stage70092.jpg,1
stage70093.jpg,1
stage70094.jpg,1
stage70095.jpg,1
stage70096.jpg,1
stage70097.jpg,1
stage70098.jpg,1
stage70099.jpg,1
stage70100.jpg,1
stage70101.jpg,1
stage70102.jpg,1
stage70103.jpg,1
stage70104.jpg,1
stage70105.jpg,1
stage70106.jpg,1
stage70107.jpg,1
stage70108.jpg,1
stage70109.jpg,1
stage70110.jpg,1
stage70111.jpg,1
stage70112.jpg,1
stage70113.jpg,1
stage70114.jpg,1
stage70115.jpg,1
stage70116.jpg,1
stage70117.jpg,1
stage70118.jpg,1
stage70119.jpg,1
stage70120.jpg,1
stage70121.jpg,1
stage70122.jpg,1
stage70123.jpg,1
stage70124.jpg,1
stage70125.jpg,1
stage70126.jpg,1
stage70127.jpg,1
stage70128.jpg,1
stage70129.jpg,1
stage70130.jpg,1
stage70131.jpg,1
stage70132.jpg,1
stage70133.jpg,1
stage70134.jpg,1
stage70135.jpg,1
stage70136.jpg,1
stage70137.jpg,1
stage70138.jpg,1
stage70139.jpg,1
stage70140.jpg,1
stage70141.jpg,1
stage70142.jpg,1
stage70143.jpg,1
stage70144.jpg,1
stage70145.jpg,1
stage70146.jpg,1
stage70147.jpg,1
stage70148.jpg,1
stage70149.jpg,1
stage70150.jpg,1
stage80000.jpg,1
stage80001.jpg,1
stage80002.jpg,1
stage80003.jpg,1
stage80004.jpg,1
stage80005.jpg,1
stage80006.jpg,1
stage80007.jpg,1
stage80008.jpg,1
stage80009.jpg,1
stage80010.jpg,1
stage80011.jpg,1
stage80012.jpg,1
stage80013.jpg,1
stage80014.jpg,1
stage80015.jpg,1
stage80016.jpg,1
stage80017.jpg,1
stage80018.jpg,1
stage80019.jpg,1
stage80020.jpg,1
stage80021.jpg,1
stage80022.jpg,1
stage80023.jpg,1
stage80024.jpg,1
stage80025.jpg,1
stage80026.jpg,1
stage80027.jpg,1
stage80028.jpg,1
stage80029.jpg,1
stage80030.jpg,1
stage80031.jpg,1
stage80032.jpg,1
stage80033.jpg,1
stage80034.jpg,1
stage80035.jpg,1
stage80036.jpg,1
stage80037.jpg,1
stage80038.jpg,1
stage80039.jpg,1
stage80040.jpg,1
stage80041.jpg,1
stage80042.jpg,1
stage80043.jpg,1
stage80044.jpg,1
stage80045.jpg,1
stage80046.jpg,1
stage80047.jpg,1
stage80048.jpg,1
stage80049.jpg,1
stage80050.jpg,1
stage80051.jpg,1
stage80052.jpg,1
stage80053.jpg,1
stage80054.jpg,1
stage80055.jpg,1
stage80056.jpg,1
stage80057.jpg,1
stage80058.jpg,1
stage80059.jpg,1
stage80060.jpg,1
stage80061.jpg,1
stage80062.jpg,1
stage80063.jpg,1
stage80064.jpg,1
stage80065.jpg,1
stage80066.jpg,1
stage80067.jpg,1
stage80068.jpg,1
stage80069.jpg,1
stage80070.jpg,1
stage80071.jpg,1
stage80072.jpg,1
stage80073.jpg,1
stage80074.jpg,1
stage80075.jpg,1
stage80076.jpg,1
stage80077.jpg,1
stage80078.jpg,1
stage80079.jpg,1
stage80080.jpg,1
stage80081.jpg,1
stage80082.jpg,1
stage80083.jpg,1
stage80084.jpg,1
stage80085.jpg,1
stage80086.jpg,1
stage80087.jpg,1
stage80088.jpg,1
stage80089.jpg,1
stage80090.jpg,1
stage80091.jpg,1
stage80092.jpg,1
stage80093.jpg,1
stage80094.jpg,1
stage80095.jpg,1
stage80096.jpg,1
stage80097.jpg,1
stage80098.jpg,1
stage80099.jpg,1
stage80100.jpg,1
stage80101.jpg,1
stage80102.jpg,1
stage80103.jpg,1
stage80104.jpg,1
stage80105.jpg,1
stage80106.jpg,1
stage80107.jpg,1
stage80108.jpg,1
stage80109.jpg,1
stage80110.jpg,1
stage80111.jpg,1
stage80112.jpg,1
stage80113.jpg,1
stage80114.jpg,1
stage80115.jpg,1
stage80116.jpg,1
stage80117.jpg,1
stage80118.jpg,1
stage80119.jpg,1
stage80120.jpg,1
stage80121.jpg,1
stage80122.jpg,1
stage80123.jpg,1
stage80124.jpg,1
stage80125.jpg,1
stage80126.jpg,1
stage80127.jpg,1
stage80128.jpg,1
stage80129.jpg,1
stage80130.jpg,1
stage80131.jpg,1
stage80132.jpg,1
stage80133.jpg,1
stage80134.jpg,1
stage80135.jpg,1
stage80136.jpg,1
stage80137.jpg,1
stage80138.jpg,1
stage80139.jpg,1
stage80140.jpg,1
stage80141.jpg,1
stage80142.jpg,1
stage80143.jpg,1
stage80144.jpg,1
stage80145.jpg,1
stage80146.jpg,1
stage80147.jpg,1
stage80148.jpg,1
stage80149.jpg,1
stage80150.jpg,1
stage80151.jpg,1
stage80152.jpg,1
